1,1413.0,1085.2,4
2,1506.93,1167.77,6
3,1504.14,1252.57,239
4,1434.55,1188.34,3
5,1479.51,1229.49,0
6,1498.15,1266.58,37
7,1466.15,1242.3,1
8,1488.43,1300.07,0
9,1565.17,1315.55,1
10,1622.01,1309.38,0
11,1566.16,1312.33,5
12,1704.01,1437.45,33
13,1569.08,1261.16,12
14,1689.28,1442.25,51
15,1611.1,1340.66,56
16,1737.71,1350.97,71
17,1784.7,1463.03,249
18,1664.86,1322.11,50
19,1701.38,1460.76,72
20,1820.37,1505.62,110
21,1814.17,1469.65,82
22,1718.83,1416.97,61
23,1676.28,1336.18,154
24,1746.43,1457.04,85
25,1722.14,1406.88,86
26,1779.12,1432.95,92
27,1752.9,1479.74,124
28,1909.55,1592.08,110
29,1756.83,1409.45,109
30,1952.79,1652.71,125
31,1832.68,1510.08,150
32,1939.58,1561.04,170
33,1858.57,1497.59,168
34,1894.26,1575.41,159
35,1962.13,1617.4,179
36,1637.98,1372.73,160
37,1745.86,1441.08,168
38,1731.51,1431.69,374
39,1775.26,1475.66,428
40,1940.39,1610.3,445
41,1639.73,1386.58,174
42,1804.4,1554.87,312
43,1809.92,1493.31,363
44,1954.41,1636.66,229
45,1966.79,1682.7,143
46,1843.15,1552.13,236
47,1860.44,1500.76,417
48,1654.76,1395.88,306
49,1993.79,1702.77,504
50,1811.39,1532.47,203
51,1878.13,1547.12,223
52,1978.05,1647.3,188
53,1764.29,1438.56,51
54,1935.32,1632.74,343
55,1979.39,1632.11,314
56,1899.58,1592.26,205
57,1949.41,1536.66,71
58,1976.2,1656.98,152
59,1881.23,1647.42,98
60,1837.11,1522.7,473
61,2171.67,1815.67,170
62,1960.49,1667.15,438
63,2070.7,1725.62,345
64,1955.08,1648.53,305
65,1998.22,1665.1,352
66,1998.38,1604.83,229
67,1940.64,1669.28,374
68,2132.77,1801.5,215
69,1983.27,1663.87,176
70,1835.44,1475.03,355
71,1926.16,1609.08,230
72,2059.67,1714.22,367
73,2184.41,1833.01,546
74,1950.82,1719.16,281
75,1991.73,1643.09,792
76,2174.7,1718.0,544
77,2140.41,1800.48,323
78,1997.83,1739.1,754
79,2014.96,1710.09,265
80,1914.52,1629.97,184
81,2031.3,1631.6,185
82,2028.27,1707.63,695
83,1961.37,1652.26,226
84,1953.67,1585.44,444
85,1877.89,1576.9,249
86,2120.72,1836.34,214
87,2125.79,1815.89,369
88,1936.37,1663.64,377
89,2263.44,1906.01,466
90,2087.49,1726.74,614
91,2043.36,1705.54,601
92,2037.83,1656.19,688
93,2114.02,1722.94,482
94,2067.19,1736.55,474
95,2219.98,1884.16,339
96,2272.48,1878.49,586
97,2210.43,1812.0,343
98,2258.18,1893.46,680
99,1975.0,1643.46,585
100,2005.56,1666.27,658
101,2130.92,1736.23,666
102,2212.13,1798.85,157
103,1913.96,1619.07,691
104,1929.59,1640.65,196
105,2291.33,1852.02,613
106,2125.21,1842.61,236
107,2310.78,1934.96,563
108,2292.67,1921.97,874
109,2116.1,1839.52,891
110,2375.61,2036.8,743
111,2256.15,1856.69,688
112,2194.73,1868.87,537
113,2263.84,1883.65,671
114,2264.2,1919.26,628
115,2183.65,1868.65,513
116,2163.32,1872.19,849
117,2309.86,1942.05,459
118,2149.69,1816.46,946
119,2216.24,1789.49,1049
120,2260.55,1987.65,500
121,2353.94,1960.25,1098
122,2078.04,1799.88,527
123,2215.61,1856.88,577
124,2387.8,1922.14,1265
125,2131.03,1733.38,1316
126,2126.67,1776.95,713
127,2364.61,1910.08,759
128,2127.86,1793.82,732
129,2222.59,1888.42,736
130,2257.31,1850.87,1262
131,2178.83,1859.2,883
132,2306.21,1940.88,763
133,2383.52,2005.03,967
134,2294.4,1899.08,825
135,2399.08,1959.19,786
136,2476.09,1993.33,974
137,2300.58,1944.15,985
138,2496.2,2075.1,731
139,2363.7,1954.26,993
140,2243.06,1932.72,638
141,2468.98,2028.56,1054
142,2432.03,1985.09,1272
143,2247.23,1823.82,1417
144,2521.29,2009.17,1229
145,2476.77,1971.24,802
146,2386.45,1924.58,1089
147,2428.45,2004.15,920
148,2429.88,1988.88,948
149,2486.33,2030.75,1469
150,2656.43,2217.73,1983
151,2506.18,2127.78,747
152,2417.19,1926.68,875
153,2089.24,1797.04,565
154,2628.27,2068.0,1815
155,2262.78,1878.97,1009
156,2327.25,1941.03,1066
157,2389.38,1932.81,1672
158,2435.69,1957.09,1344
159,2399.2,1903.92,2261
160,2660.53,2085.13,2034
161,2479.66,1965.03,1395
162,2603.01,2098.33,1711
163,2652.31,2113.5,1383
164,2354.83,1925.46,1631
165,2683.17,2105.01,1522
166,2398.31,1922.07,1268
167,2531.11,2030.8,2176
168,2568.7,2074.63,1059
169,2701.48,2141.47,2045
170,2404.2,1897.27,1633
171,2697.17,2119.92,2246
172,2699.53,2129.76,2564
173,2409.07,1972.97,2212
174,2434.78,2027.68,1671
175,2591.8,2047.3,1589
176,2600.74,2117.09,1337
177,2434.17,1875.21,1641
178,2700.12,2119.4,1659
179,2653.98,2102.03,1716
180,2471.57,1999.49,886
181,2742.18,2185.45,1995
182,2515.82,2010.52,2036
183,2531.7,2089.44,954
184,2346.81,1882.67,1174
185,2452.81,2099.98,2116
186,2614.83,2146.32,1637
187,2484.22,2028.08,830
188,2618.09,2059.3,1171
189,2664.69,2078.14,1376
190,2678.05,2177.75,1744
191,2592.5,2097.94,2177
192,2368.27,1920.52,833
193,2640.9,2022.52,1845
194,2632.09,2025.53,1384
195,2431.69,1919.83,1319
196,2647.42,2108.52,1939
197,2781.39,2061.67,1713
198,2755.75,2193.43,1572
199,2762.21,2103.98,2839
200,2637.27,2002.5,2506
201,2535.98,1962.47,2832
202,2566.39,2003.74,2548
203,2717.44,2161.68,2568
204,2973.43,2282.29,2730
205,2901.27,2203.79,2689
206,2962.96,2336.56,3530
207,2868.41,2264.17,3956
208,2876.67,2094.13,3242
209,2685.33,1997.64,1451
210,2782.96,2066.63,2748
211,2724.55,2144.32,2781
212,2963.17,2185.0,3029
213,2749.07,2129.58,3437
214,3024.08,2351.05,3064
215,2766.03,2245.87,3549
216,2639.08,2003.21,2377
217,2933.89,2280.61,3401
218,2819.18,2184.43,3114
219,2965.82,2287.22,3078
220,2770.02,2120.38,2680
221,2657.49,2136.74,2824
222,3068.71,2354.51,3722
223,2869.32,2228.34,3274
224,2734.9,2218.03,3674
225,3111.96,2374.91,4352
226,2883.75,2195.36,3418
227,2936.67,2326.01,3259
228,2938.78,2210.88,3660
229,2787.36,2100.46,3019
230,2921.54,2264.13,3127
231,3098.0,2373.11,5540
232,2911.07,2200.75,3979
233,3112.15,2446.44,4836
234,2532.05,1993.01,2867
235,2773.24,2090.37,3748
236,2844.06,2188.58,1741
237,3117.23,2436.02,4188
238,3300.97,2452.11,4867
239,3056.98,2391.12,3186
240,2992.11,2275.84,3189
241,2900.3,2258.04,3556
242,2775.25,2169.33,3388
243,2878.7,2268.37,3409
244,2891.4,2220.1,4246
245,2860.48,2242.65,3449
246,3003.23,2281.26,4737
247,2811.22,2126.68,3028
248,2908.77,2289.56,3865
249,3040.08,2327.01,4586
250,2845.71,2287.15,3947
251,3098.62,2358.29,3626
252,2753.32,2135.58,3819
253,2762.79,2151.04,4262
254,2877.27,2314.41,3495
255,2795.7,2232.72,3665
256,3012.96,2337.12,4474
257,2828.21,2226.35,2216
258,2784.39,2173.23,3314
259,2989.38,2356.85,4194
260,3005.36,2320.09,3565
261,2852.29,2176.91,2867
262,3101.73,2387.13,4080
263,3189.41,2513.85,5617
264,3048.74,2398.56,4985
265,2934.6,2336.03,3320
266,2921.65,2348.7,3149
267,3295.4,2594.41,5589
268,3099.29,2363.42,4262
269,3045.73,2356.45,4846
270,3200.11,2471.04,4868
271,3014.05,2364.2,5148
272,2971.88,2391.21,3578
273,3043.46,2371.61,3823
274,2787.55,2267.0,4622
275,3105.05,2441.37,4703
276,2935.08,2300.23,3250
277,3014.13,2400.18,5133
278,3066.18,2337.38,7092
279,2996.92,2345.26,3248
280,3162.77,2482.17,4068
281,2849.06,2191.17,3922
282,2942.33,2380.4,4551
283,2909.7,2284.45,4001
284,2995.09,2332.88,4032
285,3029.87,2289.97,4878
286,2950.52,2338.6,3816
287,2980.48,2245.16,3780
288,2916.08,2356.38,3382
289,2958.92,2306.54,4391
290,2939.84,2302.01,3903
291,2936.47,2207.82,5345
292,2982.61,2400.18,4776
293,2898.9,2322.92,4285
294,3348.46,2432.39,6030
295,3264.22,2512.35,5667
296,3067.58,2373.16,4133
297,2756.78,2218.11,2609
298,2932.33,2254.89,5358
299,2930.95,2410.81,3398
300,2869.86,2272.26,3918
301,3007.44,2353.82,4438
302,3125.11,2479.2,4957
303,3044.2,2400.94,3082
304,3154.31,2437.37,5511
305,2969.14,2334.42,3126
306,3107.44,2452.9,6251
307,3169.58,2384.9,5212
308,2906.8,2259.39,3675
309,2749.24,2245.81,2959
310,3149.48,2431.13,4141
311,2968.91,2300.38,3953
312,2984.61,2303.91,4231
313,3033.6,2344.77,4870
314,2995.23,2258.26,5091
315,3266.86,2556.06,5412
316,3029.48,2323.32,5153
317,3106.54,2372.13,5676
318,3410.03,2574.08,6303
319,2918.52,2335.31,3432
320,3080.75,2433.35,5605
321,2904.64,2281.13,3473
322,2906.24,2412.55,4074
323,3028.05,2360.29,3345
324,3104.67,2488.7,4852
325,3086.73,2397.85,6088
326,3299.2,2472.44,7160
327,3133.76,2445.97,5281
328,2937.78,2274.65,5114
329,3242.48,2467.28,5441
330,3037.49,2397.48,5477
331,3081.86,2395.91,4176
332,3042.45,2298.25,4124
333,3088.6,2415.73,5610
334,2877.78,2272.38,4911
335,3213.26,2468.82,6767
336,3130.39,2427.38,7232
337,3017.5,2371.02,5470
338,3035.16,2220.3,4279
339,2823.86,2210.3,3893
340,3293.09,2558.1,6291
341,2927.15,2330.94,5187
342,3145.43,2420.63,5718
343,3171.33,2283.08,4948
344,3102.91,2274.78,4881
345,3077.63,2313.89,4621
346,3346.75,2567.37,6128
347,3104.94,2339.57,5243
348,3092.99,2402.72,5036
349,3015.84,2257.89,5626
350,3054.39,2400.0,4642
351,3032.27,2239.53,3691
352,2950.98,2247.67,3425
353,3295.15,2391.55,4256
354,3121.7,2297.81,4979
355,3080.75,2392.04,5073
356,2816.12,2223.05,4083
357,2913.02,2292.86,4987
358,2719.02,2086.61,3551
359,3083.83,2391.19,5549
360,2932.82,2300.84,3519
361,2961.6,2274.63,4700
362,3111.64,2389.41,4235
363,2914.97,2277.54,5823
364,3116.18,2308.69,4525
365,2914.99,2166.55,4593
366,3017.73,2230.85,5003
367,3375.8,2575.72,7260
368,3190.51,2375.65,4717
369,2933.2,2248.22,3790
370,3348.99,2465.66,7624
371,3102.26,2347.32,5762
372,3061.87,2347.12,6091
373,3133.06,2370.55,4839
374,3038.64,2267.43,4729
375,3171.76,2409.65,3157
376,2909.69,2184.61,3748
377,2913.6,2146.14,3290
378,3197.78,2480.2,4739
379,3435.59,2594.58,6083
380,3372.73,2549.22,4953
381,2848.93,2128.34,3849
382,3023.16,2274.95,4713
383,2792.12,2113.58,2952
384,3219.74,2423.71,6707
385,3038.2,2305.98,5988
386,3014.96,2340.63,4326
387,2936.11,2331.14,3734
388,3102.78,2274.25,5079
389,3353.72,2504.43,7674
390,3224.4,2479.84,5960
391,3147.63,2350.43,5175
392,3221.48,2429.83,6813
393,3223.4,2373.48,7118
394,3236.01,2398.87,5403
395,2892.61,2202.22,6087
396,2721.82,2037.1,4176
397,2999.34,2330.45,5044
398,2996.8,2232.87,4417
399,3155.36,2307.83,4743
400,3228.71,2360.72,5441
401,3359.47,2559.25,6747
402,3277.88,2384.54,5338
403,3003.77,2184.58,5059
404,3082.55,2277.39,4779
405,3254.3,2408.25,5715
406,3165.97,2289.9,4342
407,3061.54,2288.53,5558
408,3346.34,2504.16,5816
409,3332.46,2504.4,6525
410,2964.67,2205.88,5328
411,3018.55,2300.9,4973
412,3301.19,2452.7,7947
413,3192.49,2391.9,4851
414,3163.36,2296.47,3786
415,3130.65,2270.39,3188
416,3044.08,2270.89,4975
417,3123.42,2389.6,5568
418,3122.46,2294.89,5080
419,3034.83,2227.73,4341
420,3016.98,2303.38,4866
421,3207.66,2381.82,6386
422,3144.29,2370.61,4984
423,3027.27,2198.91,4041
424,2915.95,2224.15,4784
425,3021.67,2373.72,4405
426,3057.58,2258.11,4502
427,3207.61,2313.79,5198
428,3061.67,2208.07,4355
429,3182.92,2327.84,5720
430,3152.04,2257.37,4503
431,3211.41,2394.01,5328
432,3034.12,2297.52,4810
433,3002.83,2357.54,3813
434,3317.07,2368.28,5172
435,3210.6,2302.16,4242
436,3361.46,2439.75,5606
437,3312.42,2442.04,6076
438,3102.99,2334.35,5840
439,3261.76,2415.81,5536
440,3283.94,2473.59,4531
441,3202.4,2401.62,5943
442,3318.13,2435.21,5595
443,2929.5,2239.38,4303
444,3055.01,2246.37,3573
445,3026.23,2340.36,5819
446,3197.11,2403.7,4847
447,3048.32,2287.18,6083
448,2995.71,2261.76,4266
449,3064.36,2307.29,5300
450,3038.69,2236.56,4064
451,2988.85,2280.22,4427
452,3039.61,2249.26,5953
453,3044.1,2241.99,4842
454,3246.7,2442.89,5672
455,3320.3,2450.41,5758
456,3042.45,2240.39,4511
457,3230.01,2350.47,5089
458,3150.34,2288.88,5771
459,3216.77,2365.56,5350
460,3152.68,2340.26,5331
461,3238.43,2332.45,5573
462,3405.99,2426.49,6445
463,3186.02,2409.35,6248
464,2909.48,2303.73,4884
465,3439.98,2442.71,6529
466,3392.55,2470.11,6558
467,3203.85,2310.54,5532
468,3418.68,2546.23,7535
469,3371.95,2456.8,6442
470,3214.28,2395.11,5652
471,2989.91,2337.78,4957
472,3074.6,2236.51,5565
473,3098.56,2352.82,6348
474,3237.33,2425.26,5866
475,3254.7,2414.36,5487
476,3247.33,2507.26,5680
477,3453.13,2383.83,6934
478,3035.79,2335.35,5334
479,3247.88,2363.54,6049
480,3392.61,2543.8,6819
481,3160.78,2358.15,5388
482,3329.75,2465.53,5832
483,3267.5,2404.92,6028
484,3202.02,2421.11,6625
485,3184.39,2330.77,6442
486,3209.36,2420.64,7050
487,3252.21,2421.48,5945
488,3281.84,2419.3,5891
489,3230.67,2432.8,6455
490,3281.17,2432.8,6110
491,3410.18,2521.77,5940
492,3353.64,2423.88,5652
493,3384.31,2354.14,5307
494,3112.51,2256.92,4554
495,3019.83,2322.64,6103
496,3174.92,2381.96,4419
497,3211.95,2345.06,5587
498,3159.3,2451.45,5969
499,3255.72,2361.61,5824
500,3309.24,2462.15,6750
501,3190.4,2278.43,4766
502,3100.25,2304.31,5409
503,2895.09,2240.08,5695
504,3308.45,2529.8,5669
505,3337.13,2399.12,4753
506,3243.14,2427.93,7156
507,3137.3,2323.95,7835
508,3086.64,2246.96,5360
509,3247.18,2319.55,6521
510,3384.98,2492.52,7589
511,3227.02,2356.37,5433
512,3406.94,2549.24,7543
513,2957.92,2271.11,4737
514,3223.73,2468.49,8048
515,3122.99,2341.26,5087
516,3213.72,2449.73,6744
517,3163.05,2424.5,7159
518,3135.86,2291.13,5991
519,2949.72,2265.47,5457
520,3078.76,2320.52,6086
521,3330.42,2341.81,6652
522,3489.03,2454.43,6189
523,3160.94,2308.32,6454
524,3506.51,2578.81,7680
525,3293.76,2433.97,6777
526,3155.84,2401.53,5935
527,3356.27,2478.91,5947
528,3109.89,2312.34,5988
529,3230.61,2333.33,6824
530,3348.91,2408.05,5803
531,3016.23,2314.17,4471
532,3288.27,2294.16,5052
533,3173.52,2362.19,6424
534,3155.22,2330.11,6200
535,3141.69,2196.83,6063
536,3360.98,2426.56,6949
537,3204.01,2301.5,4979
538,3260.27,2380.75,6017
539,3186.2,2372.03,6689
540,3407.74,2519.01,7007
541,3107.89,2291.2,6039
542,3375.47,2426.14,6420
543,3593.56,2511.12,7045
544,3380.09,2498.18,6216
545,3330.87,2450.83,6140
546,3267.03,2476.12,5386
547,3159.14,2270.7,5732
548,3368.86,2410.97,6634
549,3282.52,2392.0,6640
550,3371.39,2371.06,7126
551,3225.62,2363.73,6651
552,3234.87,2286.22,4908
553,3114.51,2309.96,5061
554,3153.29,2301.33,5300
555,3280.67,2392.55,6864
556,3370.36,2421.17,6717
557,3241.95,2383.37,6480
558,3428.73,2433.83,6425
559,3093.52,2286.71,6680
560,3200.96,2483.98,6879
561,3041.86,2291.72,5505
562,3314.39,2518.27,6728
563,3202.5,2384.62,4752
564,3116.18,2278.95,4569
565,3310.92,2488.39,4552
566,3300.75,2440.75,6867
567,3196.33,2261.38,6175
568,3486.33,2450.38,5474
569,3238.78,2472.02,5428
570,3330.61,2500.46,6778
571,3013.02,2247.65,5438
572,3328.73,2556.63,7308
573,2996.6,2272.97,5283
574,3198.23,2421.89,4809
575,3189.76,2314.94,4788
576,3092.89,2286.78,4659
577,3210.05,2292.75,5301
578,3164.15,2257.89,4622
579,3182.18,2346.78,5099
580,3475.13,2551.81,6312
581,3313.25,2395.92,5110
582,3290.62,2411.73,5947
583,3215.33,2376.27,5250
584,3236.88,2414.08,5261
585,3164.08,2318.51,4507
586,3104.51,2199.04,4304
587,3187.65,2379.83,4991
588,3232.72,2443.82,5679
589,3036.06,2263.74,4914
590,3378.47,2499.28,6246
591,3262.55,2409.01,5256
592,3190.07,2381.45,5027
593,3188.3,2376.11,6268
594,3455.58,2518.58,7305
595,3257.73,2333.99,5951
596,3373.4,2514.2,5738
597,3397.6,2485.68,6494
598,3289.64,2432.14,5119
599,3435.63,2536.11,4986
600,3381.98,2506.11,7166
601,3553.99,2577.8,7508
602,3185.02,2275.49,6248
603,3334.03,2480.49,6285
604,3229.08,2444.68,7755
605,3146.67,2347.76,5557
606,3382.06,2484.44,5558
607,3070.81,2298.65,4401
608,3322.8,2340.04,5586
609,3187.53,2388.64,5131
610,3160.64,2250.55,5390
611,3055.4,2397.3,5230
612,3262.84,2447.66,5740
613,3276.52,2404.21,7144
614,3162.3,2392.19,4542
615,3197.57,2273.02,7048
616,3601.48,2619.54,6338
617,3237.47,2494.28,6648
618,3351.01,2516.27,6378
619,3449.01,2488.47,7586
620,3217.38,2409.28,5985
621,3356.73,2522.69,6096
622,3252.57,2484.65,6586
623,3160.64,2317.41,5597
624,3208.62,2445.89,7050
625,3523.14,2600.21,5365
626,3411.06,2528.66,6184
627,3358.72,2504.78,6608
628,3347.3,2471.77,5961
629,3321.4,2467.0,5152
630,3116.85,2418.28,5057
631,3407.73,2671.08,8894
632,3397.44,2556.69,6595
633,3053.9,2285.09,3860
634,3149.7,2404.75,5102
635,3528.11,2653.43,7501
636,3513.42,2584.58,6199
637,3458.62,2548.22,6689
638,3365.57,2528.83,6634
639,2984.46,2311.07,3957
640,3195.31,2421.0,4949
641,3418.06,2586.69,8403
642,3292.3,2467.33,6856
643,3165.21,2323.43,5508
644,3233.42,2515.11,5791
645,3517.55,2643.62,8259
646,3261.18,2495.2,6551
647,3256.68,2488.44,5821
648,3493.27,2600.85,8013
649,3349.46,2485.79,6791
650,3212.37,2421.88,4868
651,3389.98,2646.15,8174
652,3312.18,2435.96,8368
653,2997.27,2291.68,8030
654,3163.39,2293.42,5874
655,3259.05,2402.8,8724
656,3537.82,2433.92,7166
657,2999.7,2141.03,5553
658,2897.14,2257.06,5649
659,3251.61,2390.47,7316
660,3289.68,2537.88,6142
661,3161.76,2437.79,7399
662,3196.04,2454.73,6854
663,2991.14,2270.23,4082
664,3203.1,2457.71,6810
665,3037.89,2330.19,6232
666,3222.94,2469.64,8673
667,3181.55,2369.09,7181
668,2816.68,2190.86,5074
669,3325.86,2498.39,7548
670,3212.83,2420.36,6890
671,3270.63,2465.15,7300
672,3320.53,2574.5,6485
673,3231.38,2452.42,7635
674,3124.08,2383.15,7474
675,3106.45,2369.79,7082
676,3204.88,2388.16,7146
677,3142.46,2353.57,6299
678,3354.22,2428.33,5920
679,3343.49,2453.18,9037
680,3588.02,2660.43,9772
681,3229.92,2387.1,6807
682,3178.67,2382.02,6934
683,3076.56,2357.08,6225
684,3226.25,2409.41,7469
685,3168.61,2388.14,5958
686,3407.92,2445.69,7839
687,3320.99,2413.69,7435
688,3245.86,2400.88,6395
689,3383.15,2578.2,8664
690,3269.84,2430.66,6968
691,3480.59,2551.16,6340
692,3306.49,2574.02,7838
693,3363.78,2472.98,8494
694,3290.27,2511.34,8207
695,3401.13,2458.21,6502
696,3392.34,2477.12,6778
697,3238.67,2566.92,8221
698,3232.72,2433.07,5068
699,3296.77,2463.1,6503
700,3459.9,2562.57,7337
701,3415.64,2604.58,7578
702,3380.23,2639.77,6929
703,3367.72,2496.73,8929
704,3206.18,2449.19,5526
705,3109.45,2377.65,6355
706,3284.6,2426.12,5502
707,3368.28,2467.35,7340
708,3284.49,2449.21,6210
709,3220.4,2468.33,7194
710,3445.8,2623.2,7701
711,3393.39,2580.37,8480
712,3085.13,2414.36,5655
713,3379.2,2535.61,7054
714,3422.92,2542.52,9909
715,3289.27,2479.27,7153
716,3334.43,2471.44,8030
717,3360.67,2516.8,7115
718,3051.52,2271.28,6567
719,3288.33,2426.72,7652
720,3454.09,2642.82,7404
721,3111.08,2421.82,6181
722,3318.82,2526.9,8742
723,3240.02,2454.13,5685
724,3259.82,2477.47,5545
725,3411.12,2556.16,6550
726,3235.08,2496.79,6371
727,3419.3,2587.65,8686
728,3258.62,2493.65,4591
729,3457.33,2640.21,7217
730,3276.18,2470.02,6353
731,3242.39,2416.38,6603
732,3569.59,2587.6,8502
733,3168.05,2364.9,7659
734,3172.43,2498.93,7142
735,3163.22,2420.04,5894
736,3263.32,2550.43,7021
737,3277.15,2603.24,5340
738,3219.16,2418.95,6067
739,2971.82,2313.21,5965
740,3246.5,2431.46,7463
741,3337.39,2579.79,6857
742,3468.92,2631.96,7916
743,3477.03,2594.69,7477
744,3239.94,2435.48,6774
745,3306.05,2486.7,6945
746,3274.73,2521.04,7372
747,3186.12,2342.66,7988
748,3230.55,2435.33,7070
749,3486.14,2665.99,7535
750,3185.91,2451.09,7274
751,3029.48,2413.28,5969
752,3235.45,2462.6,6669
753,3254.1,2500.17,10794
754,3553.55,2663.57,9862
755,3082.56,2364.21,6287
756,3048.49,2349.06,6001
757,3334.49,2503.2,6106
758,3364.49,2536.68,9911
759,3338.95,2624.46,7905
760,3403.11,2554.69,8053
761,3655.61,2691.07,9475
762,3412.89,2546.45,8173
763,3303.31,2583.2,7227
764,3121.82,2439.07,5719
765,3476.92,2550.46,7231
766,3353.49,2521.2,8336
767,3245.69,2537.85,8609
768,3314.52,2616.9,8048
769,3543.52,2593.57,8580
770,2920.4,2338.61,7072
771,3243.57,2400.5,5938
772,2917.11,2299.28,6034
773,3361.75,2558.93,7889
774,3223.39,2506.99,7847
775,3269.41,2585.99,8610
776,3357.91,2556.63,8543
777,3308.16,2598.22,8421
778,3129.95,2349.92,6647
779,3298.52,2537.31,6675
780,3300.42,2473.91,8211
781,3174.14,2474.42,6677
782,3435.32,2657.99,9511
783,3318.24,2614.44,7502
784,3339.02,2488.28,6819
785,3335.66,2546.21,8349
786,3313.44,2359.37,8366
787,3498.85,2575.51,8987
788,3246.53,2458.02,7555
789,3180.13,2451.87,7014
790,3302.61,2469.06,8017
791,3277.58,2449.37,9133
792,3377.63,2523.32,7165
793,3413.05,2621.18,8557
794,3504.33,2563.18,9523
795,3396.43,2536.84,8600
796,3282.6,2443.62,6569
797,3178.0,2468.29,6558
798,3198.61,2444.56,7235
799,3232.68,2460.39,6678
800,3527.93,2722.6,9818
801,3251.55,2529.97,7498
802,3429.56,2683.16,9278
803,3175.2,2358.73,6975
804,3178.79,2480.14,6989
805,3143.86,2415.69,7690
806,3109.77,2329.54,6252
807,3458.82,2651.29,8893
808,3424.02,2701.23,8207
809,3037.78,2264.89,4996
810,3505.02,2537.77,9014
811,3283.74,2432.56,7589
812,3177.35,2447.07,6862
813,3359.27,2558.83,8385
814,3019.91,2251.88,6714
815,3275.93,2547.13,7863
816,3411.86,2585.69,8665
817,2992.1,2281.37,5774
818,3286.8,2580.23,7083
819,3193.2,2409.24,8251
820,3336.74,2542.75,9698
821,3211.09,2441.28,8081
822,3396.23,2526.41,7995
823,3344.11,2544.1,9028
824,3439.86,2580.18,7590
825,3613.24,2608.79,9087
826,3693.82,2668.57,11312
827,3199.3,2519.94,7441
828,3478.95,2633.92,8946
829,3275.64,2476.0,9733
830,3011.67,2369.37,6669
831,3245.81,2464.72,7893
832,2957.8,2303.65,6472
833,3633.82,2729.99,10315
834,3375.98,2617.7,8513
835,3212.55,2374.69,7099
836,3290.65,2460.82,7759
837,3415.52,2685.13,9139
838,3329.09,2441.42,7084
839,3355.57,2427.48,7641
840,3394.19,2531.55,8568
841,3215.69,2460.39,7207
842,3228.08,2457.95,8334
843,3407.24,2566.06,9304
844,3257.63,2465.02,7664
845,3422.24,2551.85,9188
846,3483.16,2606.38,7701
847,3082.02,2430.06,6806
848,3326.05,2499.45,9777
849,3571.86,2534.9,9493
850,3345.33,2529.43,8313
851,3393.89,2394.14,8269
852,3350.87,2493.71,7618
853,3080.93,2324.64,6397
854,3506.51,2577.88,8377
855,3400.46,2644.5,7936
856,3018.27,2375.95,4871
857,3416.48,2584.87,8703
858,3225.99,2363.94,8337
859,3277.29,2414.6,7789
860,3358.23,2595.13,7998
861,3146.08,2453.65,7353
862,3027.89,2392.58,6868
863,3402.3,2524.85,8428
864,3285.4,2568.11,6744
865,3113.39,2458.9,7977
866,3195.72,2441.32,9023
867,3360.74,2547.9,8256
868,3246.58,2576.34,6885
869,3338.23,2473.24,8893
870,3466.86,2665.02,10030
871,3447.61,2575.82,8548
872,3285.61,2496.96,8206
873,3393.09,2582.51,9096
874,3370.9,2583.64,9230
875,3472.78,2536.6,8475
876,3420.27,2629.96,8994
877,3086.39,2400.98,6667
878,3354.34,2538.79,7114
879,3322.08,2488.82,8637
880,3395.84,2617.46,9631
881,3217.4,2417.02,9656
882,3468.19,2639.6,10933
883,3564.28,2762.92,8763
884,3471.55,2611.75,8137
885,3397.5,2589.83,7102
886,3306.55,2584.2,9839
887,3261.58,2427.33,8876
888,3420.8,2477.77,7681
889,3218.73,2343.63,7675
890,3302.88,2414.75,9168
891,3307.74,2474.55,10627
892,3280.86,2514.38,7523
893,3346.27,2470.43,8398
894,3175.58,2409.56,6705
895,3402.23,2585.43,8644
896,3333.9,2477.79,7435
897,3400.24,2627.4,8902
898,3300.58,2586.28,7760
899,3348.77,2476.58,7971
900,3385.92,2425.07,6602
901,3309.01,2475.27,6751
902,3354.39,2533.32,7829
903,3485.01,2599.36,9118
904,3251.52,2435.0,7618
905,3353.48,2440.17,7700
906,3409.35,2569.07,9611
907,3514.08,2613.72,9823
908,3235.46,2406.33,6967
909,3350.62,2518.86,7578
910,3469.15,2608.75,8910
911,3460.64,2601.91,8915
912,3017.05,2279.55,6458
913,3458.11,2655.97,9857
914,3514.92,2463.84,7872
915,3163.48,2372.6,7060
916,3211.34,2448.98,6599
917,3306.93,2398.84,7369
918,3250.39,2439.38,6481
919,3232.99,2469.76,6772
920,3394.75,2604.26,9889
921,3240.27,2467.44,8493
922,3647.45,2566.06,8864
923,3355.52,2519.52,8411
924,3237.8,2513.18,7777
925,3386.58,2497.48,7859
926,3344.17,2518.39,8256
927,3377.19,2546.86,7602
928,3383.83,2490.46,7091
929,3174.53,2367.81,8182
930,3320.23,2500.9,8970
931,3518.1,2591.47,8620
932,3329.39,2396.56,8003
933,3417.99,2550.11,6769
934,3448.97,2584.37,8117
935,3479.36,2668.35,8574
936,3502.55,2648.67,9389
937,3304.25,2538.16,7021
938,3605.87,2727.33,8841
939,3102.31,2313.39,7460
940,3192.21,2465.51,7672
941,3422.34,2518.25,6116
942,3221.73,2457.53,7975
943,3282.42,2454.18,7459
944,3139.45,2369.59,7463
945,3329.1,2584.32,8147
946,3235.56,2503.46,8485
947,3321.33,2437.95,8128
948,3172.39,2456.44,7146
949,3236.48,2391.23,8851
950,3329.08,2557.41,6973
951,3399.47,2573.96,8796
952,3349.85,2491.42,8478
953,3175.39,2387.92,8237
954,3039.04,2305.3,6964
955,3237.23,2512.02,6874
956,3330.67,2541.61,8960
957,3326.52,2575.79,8917
958,3479.25,2467.55,8672
959,3414.82,2622.12,10705
960,3479.78,2604.56,7610
961,3362.87,2505.55,8334
962,3320.03,2422.71,6995
963,3703.67,2693.6,9762
964,3343.2,2554.64,6555
965,3233.9,2464.35,6903
966,3236.43,2340.1,5944
967,3348.85,2451.68,7910
968,3276.6,2455.83,6769
969,3429.8,2446.42,8138
970,3301.53,2431.51,7638
971,3322.28,2472.95,10117
972,3305.54,2557.76,8795
973,3315.24,2453.32,7835
974,3341.14,2481.81,7699
975,3475.36,2537.73,8184
976,3323.02,2400.89,9307
977,3251.88,2538.86,9243
978,3326.83,2510.71,7169
979,3455.95,2583.65,8462
980,3492.03,2578.15,7195
981,3265.44,2522.09,7938
982,3061.05,2393.67,7039
983,3182.68,2410.26,6548
984,3502.02,2655.51,7544
985,3523.07,2698.13,8896
986,3268.43,2530.21,7075
987,3467.37,2545.48,8868
988,3310.5,2522.51,8091
989,3168.48,2378.94,9076
990,3252.13,2502.92,6463
991,3656.48,2679.42,11900
992,3398.63,2614.34,10529
993,3243.7,2479.47,7056
994,3377.07,2467.95,7634
995,3523.51,2507.92,8081
996,3327.47,2563.0,8449
997,3314.99,2466.5,9052
998,3167.77,2494.8,7998
999,3423.02,2528.26,8895
1000,3238.23,2515.75,7567
